Ciudad,Nombre,Telefono,Direccion,Calificacion,Num_Resenas,Enlace_Actual,Link_Google_Maps
Ciudad,Universo de Fragancias Polanco,56 1440 4214,,"4,3",74,,https://www.google.com/maps/place/Universo+de+Fragancias+Polanco/data=!4m7!3m6!1s0x85d203154ae500b7:0x69d8dcb37dfd0290!8m2!3d19.4336299!4d-99.2097251!16s%2Fg%2F11jz16hc9v!19sChIJtwDlShUD0oURkAL9fbPc2Gk
Ciudad,Perfumería Dulce Amor,55 6873 2695,,"5,0",25,,https://www.google.com/maps/place/Perfumer%C3%ADa+Dulce+Amor/data=!4m7!3m6!1s0x85d1f90063b19419:0xbc1c502b1ec1eb73!8m2!3d19.4342516!4d-99.1299855!16s%2Fg%2F11zhwcx_2h!19sChIJGZSxYwD50YURc-vBHitQHLw
Ciudad,"Envases Esencias Y Perfumería, S.A. De C.V.",55 5512 9386,,"4,5",511,,"https://www.google.com/maps/place/Envases+Esencias+Y+Perfumer%C3%ADa,+S.A.+De+C.V./data=!4m7!3m6!1s0x85d1f8fd40dea427:0x93e7acdc4d132e5b!8m2!3d19.4358983!4d-99.1388401!16s%2Fg%2F1vlzbq3_!19sChIJJ6TeQP340YURWy4TTdys55M"
Ciudad,Perfumería De La México.,55 5765 5773,,"4,7",70,,https://www.google.com/maps/place/Perfumer%C3%ADa+De+La+M%C3%A9xico./data=!4m7!3m6!1s0x85d1fce5dfbd69b7:0xdcbce2f1fe60d70b!8m2!3d19.4011581!4d-99.040676!16s%2Fg%2F11b72q8flq!19sChIJt2m93-X80YURC9dg_vHivNw
Ciudad,Perfumería Lerdo / Agencia Despacho Mercado Libre,55 5597 2638,,"4,8",27,,https://www.google.com/maps/place/Perfumer%C3%ADa+Lerdo+%2F+Agencia+Despacho+Mercado+Libre/data=!4m7!3m6!1s0x85d1f921904a14b1:0xe640cafe34206360!8m2!3d19.4545639!4d-99.1408649!16s%2Fg%2F11gfm9yhbm!19sChIJsRRKkCH50YURYGMgNP7KQOY
Ciudad,Pasaje de Perfumes Tepito,56 1592 5681,,"4,4",622,,https://www.google.com/maps/place/Pasaje+de+Perfumes+Tepito/data=!4m7!3m6!1s0x85d1f93782f535f3:0xad16f48d3db4178c!8m2!3d19.4446761!4d-99.1260187!16s%2Fg%2F1tf4fcqh!19sChIJ8zX1gjf50YURjBe0PY30Fq0
Ciudad,LA CASA DEL PERFUME,55 7434 1966,,"4,4",28,,https://www.google.com/maps/place/LA+CASA+DEL+PERFUME/data=!4m7!3m6!1s0x85d1f8d826912b5f:0x26349eb35e8eb917!8m2!3d19.4449564!4d-99.1472192!16s%2Fg%2F11b_2sg6nm!19sChIJXyuRJtj40YURF7mOXrOeNCY
Ciudad,Perfumería de Tacuba 13 S.A. De C.V.,55 5510 1815,,"4,3",4953,,https://www.google.com/maps/place/Perfumer%C3%ADa+de+Tacuba+13+S.A.+De+C.V./data=!4m7!3m6!1s0x85d20024833c2eb9:0xd2d678a995f49217!8m2!3d19.4355559!4d-99.1388053!16s%2Fg%2F1tdpmf7r!19sChIJuS48gyQA0oURF5L0lal41tI
Ciudad,PERFUMERÍA ESENCIAL,442 895 5689,,"4,7",1881,,https://www.google.com/maps/place/PERFUMER%C3%8DA+ESENCIAL/data=!4m7!3m6!1s0x85d1f98e756e4749:0x6dd28897b08ac4ec!8m2!3d19.4338542!4d-99.1360382!16s%2Fg%2F11mq3c_7dx!19sChIJSUdudY750YUR7MSKsJeI0m0
Ciudad,Xinú Perfumes,56 1237 6639,,"4,8",301,,https://www.google.com/maps/place/Xin%C3%BA+Perfumes/data=!4m7!3m6!1s0x85d20203d4cef2ab:0xeffdd445fe859576!8m2!3d19.4331926!4d-99.1954663!16s%2Fg%2F11c2jrd4ls!19sChIJq_LO1AMC0oURdpWF_kXU_e8
Ciudad,Ele perfumes zocalo cdmx,55 5522 6099,,"4,6",60,,https://www.google.com/maps/place/Ele+perfumes+zocalo+cdmx/data=!4m7!3m6!1s0x85d1ff9f8a74d0d1:0xfe31d171e0c73e7b!8m2!3d19.4304449!4d-99.1307058!16s%2Fg%2F11j20gzh7q!19sChIJ0dB0ip__0YURez7H4HHRMf4
Ciudad,Perfumería Fina,55 9106 7972,,"4,5",103,,https://www.google.com/maps/place/Perfumer%C3%ADa+Fina/data=!4m7!3m6!1s0x85d1ff15ed5051f7:0x4f3790abb2c7d467!8m2!3d19.42891!4d-99.1345682!16s%2Fg%2F11lf0dmnwr!19sChIJ91FQ7RX_0YURZ9THsquQN08
Ciudad,Lux Perfumería Mx,55 3793 1338,,"4,4",44,,https://www.google.com/maps/place/Lux+Perfumer%C3%ADa+Mx/data=!4m7!3m6!1s0x85d1f904f262284f:0x816691fa0ab86a76!8m2!3d19.4470779!4d-99.1273229!16s%2Fg%2F11sr7h4fmz!19sChIJTyhi8gT50YURdmq4CvqRZoE
Ciudad,Perfumes Centro,222 251 6252,,"4,1",53,,https://www.google.com/maps/place/Perfumes+Centro/data=!4m7!3m6!1s0x85d1f92c8b69f90d:0x3a3addc2cbebd7b1!8m2!3d19.4357268!4d-99.1387986!16s%2Fg%2F11g9qtmmby!19sChIJDflpiyz50YURsdfry8LdOjo
Ciudad,PERFUMERÍA ESENCIAL BOLIVAR,56 2031 7503,,"4,8",723,,https://www.google.com/maps/place/PERFUMER%C3%8DA+ESENCIAL+BOLIVAR/data=!4m7!3m6!1s0x85d1f98fd0915fd9:0x7d6391a40cec51af!8m2!3d19.4332624!4d-99.138198!16s%2Fg%2F11twwhr5fx!19sChIJ2V-R0I_50YURr1HsDKSRY30
Ciudad,Perfume Center México — BODEGA TEPEYAC,55 9064 8230,,"4,6",34,,https://www.google.com/maps/place/Perfume+Center+M%C3%A9xico+%E2%80%94+BODEGA+TEPEYAC/data=!4m7!3m6!1s0x85d1f957aef2e067:0xebc4c8b3cbadc731!8m2!3d19.4673699!4d-99.1116375!16s%2Fg%2F11txrn9bcf!19sChIJZ-Dyrlf50YURMcety7PIxOs
Ciudad,PERFUMERA ESENCIAL 16 DE SEPTIEMBRE,56 1418 1984,,"4,8",521,,https://www.google.com/maps/place/PERFUMERA+ESENCIAL+16+DE+SEPTIEMBRE/data=!4m7!3m6!1s0x85d1ffb5dd8d6821:0xf0c35aa06375b188!8m2!3d19.4323041!4d-99.1357355!16s%2Fg%2F11l78tpqhb!19sChIJIWiN3bX_0YURiLF1Y6Baw_A
Ciudad,Mundo Perfumero,56 3838 0845,,"4,0",139,,https://www.google.com/maps/place/Mundo+Perfumero/data=!4m7!3m6!1s0x85d1ff001edf6b75:0x7e9a0ad9ffd1fff5!8m2!3d19.4294633!4d-99.1358096!16s%2Fg%2F11yb1ff5k1!19sChIJdWvfHgD_0YUR9f_R_9kKmn4
Ciudad,Imperio del Perfume Pino Suárez,55 6178 9115,,"4,9",106,,https://www.google.com/maps/place/Imperio+del+Perfume+Pino+Su%C3%A1rez/data=!4m7!3m6!1s0x85d1ff9872fd88a3:0x600500a127c0495c!8m2!3d19.4269123!4d-99.1330983!16s%2Fg%2F11yrqshcd7!19sChIJo4j9cpj_0YURXEnAJ6EABWA
Ciudad,Perfume Gallery,55 5538 7863,,"4,3",124,,https://www.google.com/maps/place/Perfume+Gallery/data=!4m7!3m6!1s0x85d1ff1983f75145:0x1e88e366966fec05!8m2!3d19.4033124!4d-99.1542427!16s%2Fg%2F11c3tjp30k!19sChIJRVH3gxn_0YURBexvlmbjiB4
Ciudad,El Imperio Del Perfume,55 6201 4560,,"4,8",80,,https://www.google.com/maps/place/El+Imperio+Del+Perfume/data=!4m7!3m6!1s0x85d1f91ae31db56b:0x7a3d2228ae0c3734!8m2!3d19.4350688!4d-99.1361463!16s%2Fg%2F11xf3kswvt!19sChIJa7Ud4xr50YURNDcMrigiPXo
Ciudad,PERFUMERÍA DONCELES,55 6446 0985,,"4,3",84,,https://www.google.com/maps/place/PERFUMER%C3%8DA+DONCELES/data=!4m7!3m6!1s0x85d1f9328033b46f:0x135b4d964551d1ae!8m2!3d19.436329!4d-99.1344385!16s%2Fg%2F1ygvt04y8!19sChIJb7QzgDL50YURrtFRRZZNWxM
Ciudad,PERFUMERIA ESENCIAL MADERO,442 895 5689,,"4,8",53,,https://www.google.com/maps/place/PERFUMERIA+ESENCIAL+MADERO/data=!4m7!3m6!1s0x85d1f9c7a0a1bc63:0x817edc5c924f3661!8m2!3d19.4340614!4d-99.1395088!16s%2Fg%2F11m_8kj9h5!19sChIJY7yhoMf50YURYTZPklzcfoE
Ciudad,Imperio del Perfume Correo Mayor 45,55 4948 5282,,"4,9",45,,https://www.google.com/maps/place/Imperio+del+Perfume+Correo+Mayor+45/data=!4m7!3m6!1s0x85d1ff31b91bcd9f:0xb9c6a4f0722cc322!8m2!3d19.4311395!4d-99.1303895!16s%2Fg%2F11yqgllvd_!19sChIJn80buTH_0YURIsMscvCkxrk
Ciudad,Perfumería Fina Edelweiss,55 5512 0848,,"4,4",34,,https://www.google.com/maps/place/Perfumer%C3%ADa+Fina+Edelweiss/data=!4m7!3m6!1s0x85d1fed982967789:0x6cda3b79f1ff9516!8m2!3d19.4342926!4d-99.1376911!16s%2Fg%2F1thx8zk5!19sChIJiXeWgtn-0YURFpX_8Xk72mw
Ciudad,Universo de Fragancias Coyoacán,56 1033 1886,,"4,4",227,,https://www.google.com/maps/place/Universo+de+Fragancias+Coyoac%C3%A1n/data=!4m7!3m6!1s0x85d1ffdd506e129f:0xf9428a6172520ebd!8m2!3d19.3465878!4d-99.1780032!16s%2Fg%2F11wc34wyn8!19sChIJnxJuUN3_0YURvQ5ScmGKQvk
Ciudad,Universo de Fragancias Zaragoza,55 5162 8253,,"4,3",374,,https://www.google.com/maps/place/Universo+de+Fragancias+Zaragoza/data=!4m7!3m6!1s0x85d1fd0a836ff7a3:0x40c506e169042290!8m2!3d19.4076598!4d-99.0761591!16s%2Fg%2F11h61xd4fs!19sChIJo_dvgwr90YURkCIEaeEGxUA
Ciudad,Universo de Fragancias Insurgentes Sur,55 1315 0360,,"4,2",165,,https://www.google.com/maps/place/Universo+de+Fragancias+Insurgentes+Sur/data=!4m7!3m6!1s0x85ce01d81efa63b5:0x5362ab8379c3272e!8m2!3d19.2882403!4d-99.1749572!16s%2Fg%2F11f716d070!19sChIJtWP6HtgBzoURLifDeYOrYlM
Ciudad,Universo de Fragancias Coapa,56 1027 4824,,"4,4",118,,https://www.google.com/maps/place/Universo+de+Fragancias+Coapa/data=!4m7!3m6!1s0x85ce01665a417f21:0x7348e4ffb7928ce!8m2!3d19.2975262!4d-99.1254877!16s%2Fg%2F11l5tmf712!19sChIJIX9BWmYBzoURzih5-0-ONAc
Ciudad,Tienda perfumes,,,"4,3",605,,https://www.google.com/maps/place/Tienda+perfumes/data=!4m7!3m6!1s0x85d203d6823828c5:0xac9cc8ce4a11680!8m2!3d19.471897!4d-99.2256223!16s%2Fg%2F11j90h8kd2!19sChIJxSg4gtYD0oURgBah5IzMyQo
Ciudad,Universo de Fragancias Patriotismo,55 6317 7935,,"4,2",87,,https://www.google.com/maps/place/Universo+de+Fragancias+Patriotismo/data=!4m7!3m6!1s0x85d1ff516a62b957:0x9e001b572e406af9!8m2!3d19.3807285!4d-99.184746!16s%2Fg%2F11y8stgqyl!19sChIJV7lialH_0YUR-WpALlcbAJ4
Ciudad,Perfumes Europeos Correo Mayor,55 5522 9522,,"4,0",55,,https://www.google.com/maps/place/Perfumes+Europeos+Correo+Mayor/data=!4m7!3m6!1s0x85d1fece92535593:0xfb7b695e08315204!8m2!3d19.4267831!4d-99.1309037!16s%2Fg%2F1q5d60252!19sChIJk1VTks7-0YURBFIxCF5pe_s
Ciudad,My Scent Journey,55 1384 3683,,"4,9",416,,https://www.google.com/maps/place/My+Scent+Journey/data=!4m7!3m6!1s0x85d1fff8bdaef611:0xc8b541e83de1e144!8m2!3d19.3912431!4d-99.1748281!16s%2Fg%2F11vkn7th6x!19sChIJEfauvfj_0YURROHhPehBtcg
Ciudad,Universo de Fragancias Prado Churubusco,56 1008 4347,,"4,2",50,,https://www.google.com/maps/place/Universo+de+Fragancias+Prado+Churubusco/data=!4m7!3m6!1s0x85d1ff5d33704839:0xf26a71d0500e89d6!8m2!3d19.3573563!4d-99.122147!16s%2Fg%2F11nhjn0r6j!19sChIJOUhwM13_0YUR1okOUNBxavI
Guadalajara,Verfum,33 3655 0533,,"4,9",44,,https://www.google.com/maps/place/Verfum/data=!4m7!3m6!1s0x8428b10d36c9918f:0xaba6617858e888be!8m2!3d20.6756321!4d-103.3125356!16s%2Fg%2F1ptxqhc0x!19sChIJj5HJNg2xKIQRvojoWHhhpqs
Guadalajara,Fraiche,33 3342 2784,,"4,3",173,,https://www.google.com/maps/place/Fraiche/data=!4m7!3m6!1s0x8428b22c88c75647:0x9d09fbef3464b7f6!8m2!3d20.6613465!4d-103.314718!16s%2Fg%2F11bzz47x52!19sChIJR1bHiCyyKIQR9rdkNO_7CZ0
Guadalajara,Mundo Scents,33 3107 4303,,"4,4",243,,https://www.google.com/maps/place/Mundo+Scents/data=!4m7!3m6!1s0x8428b1af0649d7bb:0x4b0d24e6dac2f58d!8m2!3d20.6751143!4d-103.3372738!16s%2Fg%2F11hk19b5r0!19sChIJu9dJBq-xKIQRjfXC2uYkDUs
Guadalajara,Perfumería Aquí es,33 3618 7136,,"4,3",36,,https://www.google.com/maps/place/Perfumer%C3%ADa+Aqu%C3%AD+es/data=!4m7!3m6!1s0x8428b18cac9567cb:0xd9ab6e4ac0a89a3f!8m2!3d20.6729363!4d-103.3355293!16s%2Fg%2F1q5btswbf!19sChIJy2eVrIyxKIQRP5qowEpuq9k
Guadalajara,Perfumes en Linea Amparito,33 3617 6731,,"4,1",104,,https://www.google.com/maps/place/Perfumes+en+Linea+Amparito/data=!4m7!3m6!1s0x8428b1f3431c5d49:0x15a2656aa33e7259!8m2!3d20.6733559!4d-103.3367441!16s%2Fg%2F1hm6kp1ns!19sChIJSV0cQ_OxKIQRWXI-o2plohU
Guadalajara,Nova Perfumería,33 1294 9384,,"4,6",89,,https://www.google.com/maps/place/Nova+Perfumer%C3%ADa/data=!4m7!3m6!1s0x8428ade83b982c43:0x2bb9460659e89b5f!8m2!3d20.6496413!4d-103.381066!16s%2Fg%2F11bzx30jj5!19sChIJQyyYO-itKIQRX5voWQZGuSs
Guadalajara,Perfumes europeos,55 5359 7550,,"4,5",25,,https://www.google.com/maps/place/Perfumes+europeos/data=!4m7!3m6!1s0x8428b1bb9cd31db7:0x850058a3517c8461!8m2!3d20.6751394!4d-103.3445654!16s%2Fg%2F11h0mtstls!19sChIJtx3TnLuxKIQRYYR8UaNYAIU
Guadalajara,Fragancia Fina Lulú,33 3618 8149,,"4,9",26,,https://www.google.com/maps/place/Fragancia+Fina+Lul%C3%BA/data=!4m7!3m6!1s0x8428b1a54ab3fa4d:0xebb0084ba456f1e1!8m2!3d20.6750293!4d-103.3385448!16s%2Fg%2F11gvy233nj!19sChIJTfqzSqWxKIQR4fFWpEsIsOs
Guadalajara,Les Sens Esteban ala torre,33 1026 3502,,"4,9",103,,https://www.google.com/maps/place/Les+Sens+Esteban+ala+torre/data=!4m7!3m6!1s0x8428b160508408ed:0xbcd659274f22c4cb!8m2!3d20.6724916!4d-103.2916532!16s%2Fg%2F1ptxzqf7x!19sChIJ7QiEUGCxKIQRy8QiTydZ1rw
Guadalajara,Richard Fragances,33 1088 1373,,"4,8",24,,https://www.google.com/maps/place/Richard+Fragances/data=!4m7!3m6!1s0x8428b155c93b3ae5:0x20e656c9a35bd4f5!8m2!3d20.6725725!4d-103.3323902!16s%2Fg%2F11w3b8xbfg!19sChIJ5To7yVWxKIQR9dRbo8lW5iA
Guadalajara,Yo&yu fragance,33 1061 8880,,"4,8",126,,https://www.google.com/maps/place/Yo%26yu+fragance/data=!4m7!3m6!1s0x8428b3ea3bb6e1e5:0x9ecddb76d610cf2c!8m2!3d20.6518675!4d-103.2875146!16s%2Fg%2F11dx8n0gdk!19sChIJ5eG2O-qzKIQRLM8Q1nbbzZ4
Guadalajara,LM Distribuidora,33 3308 0198,,"4,2",34,,https://www.google.com/maps/place/LM+Distribuidora/data=!4m7!3m6!1s0x8428b1767857fa29:0x541e30f421430c72!8m2!3d20.6731582!4d-103.3352066!16s%2Fg%2F11l3w_ff47!19sChIJKfpXeHaxKIQRcgxDIfQwHlQ
Guadalajara,Lily Belleza,33 3617 8257,,"4,6",25,,https://www.google.com/maps/place/Lily+Belleza/data=!4m7!3m6!1s0x8428b1f3b59631f1:0x75ed873dd208b387!8m2!3d20.6743717!4d-103.340505!16s%2Fg%2F1tj1sdnc!19sChIJ8TGWtfOxKIQRh7MI0j2H7XU
Guadalajara,Cosméticos Distribuidora de Occidente,33 1477 3228,,"4,6",32,,https://www.google.com/maps/place/Cosm%C3%A9ticos+Distribuidora+de+Occidente/data=!4m7!3m6!1s0x8428b112d096ac53:0x31396c258148dc52!8m2!3d20.6935288!4d-103.2986372!16s%2Fg%2F1ptzg41l8!19sChIJU6yW0BKxKIQRUtxIgSVsOTE
Guadalajara,La Cosmetiquería Guadalajara,33 4070 2151,,"4,6",93,,https://www.google.com/maps/place/La+Cosmetiquer%C3%ADa+Guadalajara/data=!4m7!3m6!1s0x8428afc77be20341:0x9fdb5e7224b4fc84!8m2!3d20.6634627!4d-103.4009559!16s%2Fg%2F11j0txgnc3!19sChIJQQPie8evKIQRhPy0JHJe258
Guadalajara,Beauty Supply,33 3647 6500,,"4,2",63,,https://www.google.com/maps/place/Beauty+Supply/data=!4m7!3m6!1s0x8428ae65fa6f3853:0xb40d351d3d46594c!8m2!3d20.67845!4d-103.3941784!16s%2Fg%2F1pty1j448!19sChIJUzhv-mWuKIQRTFlGPR01DbQ
Guadalajara,Cosmetomedica,33 3615 5555,,"4,3",313,,https://www.google.com/maps/place/Cosmetomedica/data=!4m7!3m6!1s0x8428ae11a42b9e57:0xffb04826a45ea66d!8m2!3d20.6780036!4d-103.3741397!16s%2Fg%2F1vknpp_3!19sChIJV54rpBGuKIQRbaZepCZIsP8
Monterrey,PERFUME CLUB,81 8343 2319,,"4,5",288,,https://www.google.com/maps/place/PERFUME+CLUB/data=!4m7!3m6!1s0x8662be25d7a648cd:0xcd7c97194a35bb7a!8m2!3d25.6685974!4d-100.3183702!16s%2Fg%2F1ts1snl0!19sChIJzUim1yW-YoYRers1ShmXfM0
Monterrey,PerfumesAmericanos,81 2036 3799,,"4,0",265,,https://www.google.com/maps/place/PerfumesAmericanos/data=!4m7!3m6!1s0x86629578aaa644eb:0x952f928ece364ee!8m2!3d25.6817102!4d-100.3047949!16s%2Fg%2F11cm04c5nn!19sChIJ60SmqniVYoYR7mTj7Cj5Ugk
Monterrey,Oud Miraj | Perfumería Árabe,81 3418 1345,,"5,0",40,,https://www.google.com/maps/place/Oud+Miraj+%7C+Perfumer%C3%ADa+%C3%81rabe/data=!4m7!3m6!1s0x86629719fa18fb6f:0xa62dbcde577059c7!8m2!3d25.7031825!4d-100.3647063!16s%2Fg%2F11ywljkl66!19sChIJb_sY-hmXYoYRx1lwV968LaY
Monterrey,Sabores Colores y Perfumes,81 8342 6181,,"4,7",295,,https://www.google.com/maps/place/Sabores+Colores+y+Perfumes/data=!4m7!3m6!1s0x8662958c9222731b:0xf48e939bacc887a1!8m2!3d25.6728043!4d-100.3267346!16s%2Fg%2F1th1d48c!19sChIJG3MikoyVYoYRoYfIrJuTjvQ
Monterrey,EZENZI,,,"5,0",49,,https://www.google.com/maps/place/EZENZI/data=!4m7!3m6!1s0x8662bf18abdcd0fd:0xd495a02fd1521772!8m2!3d25.667137!4d-100.3164361!16s%2Fg%2F11yq72jqpx!19sChIJ_dDcqxi_YoYRchdS0S-gldQ
Monterrey,María María Fragancias Valle,,,"4,7",340,,https://www.google.com/maps/place/Mar%C3%ADa+Mar%C3%ADa+Fragancias+Valle/data=!4m7!3m6!1s0x8662bd0f066c97a3:0x41da956bfbb8304e!8m2!3d25.658488!4d-100.363481!16s%2Fg%2F11p01y0zcn!19sChIJo5dsBg-9YoYRTjC4-2uV2kE
Monterrey,Dessein Perfumería,81 8374 4450,,"4,5",33,,https://www.google.com/maps/place/Dessein+Perfumer%C3%ADa/data=!4m7!3m6!1s0x8662958161021eab:0xf6b7573bc2f62d3d!8m2!3d25.6801088!4d-100.3035918!16s%2Fg%2F11c5_41ctd!19sChIJqx4CYYGVYoYRPS32wjtXt_Y
Monterrey,Mezclando Aromas (Plaza Chepevera),81 3244 3162,,"4,6",40,,https://www.google.com/maps/place/Mezclando+Aromas+%28Plaza+Chepevera%29/data=!4m7!3m6!1s0x866295f7d5369dd3:0xd37db332bb8b212b!8m2!3d25.6829338!4d-100.3451735!16s%2Fg%2F11lc_whmf8!19sChIJ05021feVYoYRKyGLuzKzfdM
Monterrey,María María Fragancias San Agustín,,,"4,6",171,,https://www.google.com/maps/place/Mar%C3%ADa+Mar%C3%ADa+Fragancias+San+Agust%C3%ADn/data=!4m7!3m6!1s0x8662bfc7c88a9b05:0xe1711a4cbdd3266c!8m2!3d25.6530334!4d-100.341131!16s%2Fg%2F11svn2fb38!19sChIJBZuKyMe_YoYRbCbTvUwaceE
Monterrey,Esencias y Materiales Lozmar,800 967 8098,,"4,0",55,,https://www.google.com/maps/place/Esencias+y+Materiales+Lozmar/data=!4m7!3m6!1s0x86629565ec43ffff:0x9e74ef6a9d191880!8m2!3d25.687537!4d-100.2892208!16s%2Fg%2F11sb35nx5_!19sChIJ__9D7GWVYoYRgBgZnWrvdJ4
Monterrey,Zen-Cia,81 2973 5951,,"4,7",61,,https://www.google.com/maps/place/Zen-Cia/data=!4m7!3m6!1s0x866295a7e381551d:0xc5e5dc1d30a728bd!8m2!3d25.7031996!4d-100.2658276!16s%2Fg%2F11sbq91g8g!19sChIJHVWB46eVYoYRvSinMB3c5cU
Monterrey,Aromáticos Y Fragancias De Monterrey Sa De Cv,81 8057 4432,,"4,5",103,,https://www.google.com/maps/place/Arom%C3%A1ticos+Y+Fragancias+De+Monterrey+Sa+De+Cv/data=!4m7!3m6!1s0x866294cd9131267f:0x210afaec62283fa7!8m2!3d25.7382014!4d-100.26383!16s%2Fg%2F1vxf_lmq!19sChIJfyYxkc2UYoYRpz8oYuz6CiE
Monterrey,habitual perfumes,81 8333 1815,,"5,0",34,,https://www.google.com/maps/place/habitual+perfumes/data=!4m7!3m6!1s0x866297211b6799e3:0xc47f3e06eb4c96bd!8m2!3d25.6815554!4d-100.3515219!16s%2Fg%2F11xf2hw0yd!19sChIJ45lnGyGXYoYRvZZM6wY-f8Q
Monterrey,Laboratorios Galo,81 8375 6054,,"4,2",450,,https://www.google.com/maps/place/Laboratorios+Galo/data=!4m7!3m6!1s0x86629583e33176af:0x8fa05fc68e5c8efc!8m2!3d25.6813624!4d-100.3099536!16s%2Fg%2F1tm8k_xr!19sChIJr3Yx44OVYoYR_I5cjsZfoI8
Monterrey,Guadalupana Cosmetics,,,"4,4",997,,https://www.google.com/maps/place/Guadalupana+Cosmetics/data=!4m7!3m6!1s0x8662be27cf47f313:0xc647b224b9d652f8!8m2!3d25.6724368!4d-100.3169853!16s%2Fg%2F11c1n6p57q!19sChIJE_NHzye-YoYR-FLWuSSyR8Y
Monterrey,Pulga Río,81 1824 0601,,"4,2",10505,,https://www.google.com/maps/place/Pulga+R%C3%ADo/data=!4m7!3m6!1s0x8662be2208c59e45:0x6bf9c68382803e2f!8m2!3d25.667616!4d-100.3274245!16s%2Fg%2F1wk6_5vb!19sChIJRZ7FCCK-YoYRLz6AgoPG-Ws
Monterrey,SANYELI,81 8342 6156,,"4,3",46,,https://www.google.com/maps/place/SANYELI/data=!4m7!3m6!1s0x8662be261c76ccad:0xc5c9100b1d1d4669!8m2!3d25.6697029!4d-100.3163975!16s%2Fg%2F1hhj3kzhs!19sChIJrcx2HCa-YoYRaUYdHQsQycU
Monterrey,PIAUS PERFUMERÍA,81 1229 8094,,"4,3",67,,https://www.google.com/maps/place/PIAUS+PERFUMER%C3%8DA/data=!4m7!3m6!1s0x8662bd7b89fcc6e3:0x7bb435b7cd85763e!8m2!3d25.6629044!4d-100.4021286!16s%2Fg%2F11bwf89xt7!19sChIJ48b8iXu9YoYRPnaFzbc1tHs
Monterrey,Bissu Monterrey,81 3088 2703,,"4,3",147,,https://www.google.com/maps/place/Bissu+Monterrey/data=!4m7!3m6!1s0x8662bd44c5e72841:0xe7c882bf06659d54!8m2!3d25.6747388!4d-100.3181815!16s%2Fg%2F11mv4vym4j!19sChIJQSjnxUS9YoYRVJ1lBr-CyOc
Monterrey,Sephora Punto Valle,81 1363 0638,,"4,2",205,,https://www.google.com/maps/place/Sephora+Punto+Valle/data=!4m7!3m6!1s0x8662bd4adba4b6e3:0xef29736de74574e4!8m2!3d25.6589058!4d-100.3545857!16s%2Fg%2F11fk5pyhmf!19sChIJ47ak20q9YoYR5HRF521zKe8
Monterrey,Sephora Fashion Drive,81 1306 7261,,"4,3",786,,https://www.google.com/maps/place/Sephora+Fashion+Drive/data=!4m7!3m6!1s0x8662be133c00efdd:0xb943b066d2c0b5f!8m2!3d25.6512853!4d-100.3348976!16s%2Fg%2F11c7013gv0!19sChIJ3e8APBO-YoYRXwssbQY7lAs
Monterrey,Jafra Monterrey,81 1734 0170,,"4,7",80,,https://www.google.com/maps/place/Jafra+Monterrey/data=!4m7!3m6!1s0x8662bdff0953fb47:0xda57222d8f2ab7c6!8m2!3d25.6702466!4d-100.3526441!16s%2Fg%2F11c53626h9!19sChIJR_tTCf-9YoYRxrcqjy0iV9o
Monterrey,Saniye Beautiful Cosmetics,,,"4,2",34,,https://www.google.com/maps/place/Saniye+Beautiful+Cosmetics/data=!4m7!3m6!1s0x8662bfd24737a44d:0x5e06abdbb4f37148!8m2!3d25.6718424!4d-100.3158358!16s%2Fg%2F11f8j03wvt!19sChIJTaQ3R9K_YoYRSHHztNurBl4
Monterrey,Beauty Time,81 2466 0237,,"4,9",120,,https://www.google.com/maps/place/Beauty+Time/data=!4m7!3m6!1s0x866295f38831b2b7:0x316b56ac77c5c621!8m2!3d25.679868!4d-100.3309531!16s%2Fg%2F11bwqmd4c2!19sChIJt7IxiPOVYoYRIcbFd6xWazE
Monterrey,Lulu Peña Studio,81 1683 0608,,"5,0",86,,https://www.google.com/maps/place/Lulu+Pe%C3%B1a+Studio/data=!4m7!3m6!1s0x866295dea8f6167d:0x4d8bbfd14900702c!8m2!3d25.6954774!4d-100.3481257!16s%2Fg%2F11cn6tc0nx!19sChIJfRb2qN6VYoYRLHAASdG_i00
Monterrey,Bellísima Galerías Monterrey,81 2585 7414,,"4,1",59,,https://www.google.com/maps/place/Bell%C3%ADsima+Galer%C3%ADas+Monterrey/data=!4m7!3m6!1s0x866296066508de05:0x4af1b2a30f4997fe!8m2!3d25.6828173!4d-100.3547203!16s%2Fg%2F11gxsbzs6j!19sChIJBd4IZQaWYoYR_pdJD6Oy8Uo
Monterrey,Distribell | Productos de Belleza,81 8374 3829,,"4,1",20,,https://www.google.com/maps/place/Distribell+%7C+Productos+de+Belleza/data=!4m7!3m6!1s0x866295463ed00773:0xe9d0f2c3b0d939d3!8m2!3d25.6816338!4d-100.3135646!16s%2Fg%2F11fswfy1p4!19sChIJcwfQPkaVYoYR0znZsMPy0Ok
Monterrey,Dermatisse,81 1660 3566,,"4,8",55,,https://www.google.com/maps/place/Dermatisse/data=!4m7!3m6!1s0x8662967258db3d8d:0x539460de207c2e59!8m2!3d25.6983268!4d-100.3591306!16s%2Fg%2F1ptvxtp2t!19sChIJjT3bWHKWYoYRWS58IN5glFM
Monterrey,Eurobell Beauty Supply Monterrey,81 8311 1955,,"4,8",38,,https://www.google.com/maps/place/Eurobell+Beauty+Supply+Monterrey/data=!4m7!3m6!1s0x866296684a12973f:0xd745ce10ed6ea18d!8m2!3d25.7035649!4d-100.371159!16s%2Fg%2F1thvyq46!19sChIJP5cSSmiWYoYRjaFu7RDORdc
Monterrey,Tegor México,81 8123 0860,,"4,8",60,,https://www.google.com/maps/place/Tegor+M%C3%A9xico/data=!4m7!3m6!1s0x8662960bb6ae78ad:0xa67f0b94d665e0b4!8m2!3d25.6989336!4d-100.3663565!16s%2Fg%2F1tftfr5t!19sChIJrXiutguWYoYRtOBl1pQLf6Y
Monterrey,BELLARTE BEAUTY,81 8340 6732,,"4,3",40,,https://www.google.com/maps/place/BELLARTE+BEAUTY/data=!4m7!3m6!1s0x8662be2868dd1c95:0x4222dc7d1b9c794b!8m2!3d25.6729641!4d-100.3151043!16s%2Fg%2F1ptxmlxt_!19sChIJlRzdaCi-YoYRS3mcG33cIkI
Monterrey,Cosméticos Bonita,81 2626 3278,,"4,3",103,,https://www.google.com/maps/place/Cosm%C3%A9ticos+Bonita/data=!4m7!3m6!1s0x8662be289dbfca3b:0x59a0c41ac07e0d2c!8m2!3d25.6709909!4d-100.3160885!16s%2Fg%2F1yhbjt9bh!19sChIJO8q_nSi-YoYRLA1-wBrEoFk
Monterrey,"Distribuidora de Productos de Belleza y Barberias, EVAN'S",81 8882 3488,,"4,3",46,,"https://www.google.com/maps/place/Distribuidora+de+Productos+de+Belleza+y+Barberias,+EVAN%27S/data=!4m7!3m6!1s0x8662966f2270fbaf:0x568667a675b62494!8m2!3d25.7041206!4d-100.3652907!16s%2Fg%2F1hhvsc09c!19sChIJr_twIm-WYoYRlCS2daZnhlY"
Monterrey,Todobella Unnique México,81 8341 2331,,"4,8",21,,https://www.google.com/maps/place/Todobella+Unnique+M%C3%A9xico/data=!4m7!3m6!1s0x86629672b3e15f87:0x855d4decad0efdbb!8m2!3d25.6999083!4d-100.359174!16s%2Fg%2F11c54n5l2z!19sChIJh1_hs3KWYoYRu_0OrexNXYU
Monterrey,B&G Beauty Supply,81 1658 6455,,"4,6",28,,https://www.google.com/maps/place/B%26G+Beauty+Supply/data=!4m7!3m6!1s0x866296ed264e21ab:0x8fa995cca8015ee5!8m2!3d25.7320568!4d-100.373073!16s%2Fg%2F1tctxzyj!19sChIJqyFOJu2WYoYR5V4BqMyVqY8
Monterrey,Sally Galerías Monterrey,81 8123 1709,,"4,3",637,,https://www.google.com/maps/place/Sally+Galer%C3%ADas+Monterrey/data=!4m7!3m6!1s0x866297f237232e35:0xb628cc5658044519!8m2!3d25.681138!4d-100.353998!16s%2Fg%2F1pv5wd7k9!19sChIJNS4jN_KXYoYRGUUEWFbMKLY
Monterrey,Yves Rocher México - CASA Monterrey Bis,81 8372 2633,,"4,6",90,,https://www.google.com/maps/place/Yves+Rocher+M%C3%A9xico+-+CASA+Monterrey+Bis/data=!4m7!3m6!1s0x8662bfec538a2d99:0x6957891e439ec44!8m2!3d25.6656557!4d-100.3141013!16s%2Fg%2F11gt2rkm_h!19sChIJmS2KU-y_YoYRROw55JF4lQY
Monterrey,L' OCCITANE EN PROVENCE,81 8346 0782,,"4,8",58,,https://www.google.com/maps/place/L%27+OCCITANE+EN+PROVENCE/data=!4m7!3m6!1s0x86629605d7fecc19:0xd4f47a3126ac4052!8m2!3d25.6812544!4d-100.3550535!16s%2Fg%2F1ptyvswt_!19sChIJGcz-1wWWYoYRUkCsJjF69NQ
Puebla,Posse Cosméticos,,,"4,5",91,,https://www.google.com/maps/place/Posse+Cosm%C3%A9ticos/data=!4m7!3m6!1s0x85cfc11d07acc12b:0x5c2a0895c1963b52!8m2!3d19.0427843!4d-98.2009813!16s%2Fg%2F11fsx4jf4w!19sChIJK8GsBx3Bz4URUjuWwZUIKlw
Puebla,Perfumérica Angelópolis Lifestyle Center,55 7979 0402,,"4,5",36,,https://www.google.com/maps/place/Perfum%C3%A9rica+Angel%C3%B3polis+Lifestyle+Center/data=!4m7!3m6!1s0x85cfc78e27c8b2f7:0x6e5ef16081ef269f!8m2!3d19.0318342!4d-98.2327756!16s%2Fg%2F11txjnc7zf!19sChIJ97LIJ47Hz4URnybvgWDxXm4
Puebla,BeautyFree Shop Plaza Arcángeles,222 927 3469,,"4,6",31,,https://www.google.com/maps/place/BeautyFree+Shop+Plaza+Arc%C3%A1ngeles/data=!4m7!3m6!1s0x85cfc745cc95a589:0x333ef922b7221a46!8m2!3d19.0054116!4d-98.2674316!16s%2Fg%2F11ddzlj0ht!19sChIJiaWVzEXHz4URRhoityL5PjM
Puebla,Distribuidora Paris,222 232 1839,,"4,2",161,,https://www.google.com/maps/place/Distribuidora+Paris/data=!4m7!3m6!1s0x85cfc0e5dd4ab6e9:0xd6e1875e8402a046!8m2!3d19.048842!4d-98.1954955!16s%2Fg%2F1tjyp18t!19sChIJ6bZK3eXAz4URRqAChF6H4dY
Puebla,Microblading & Maquillaje - Hazziel Rios,222 510 9849,,"5,0",151,,https://www.google.com/maps/place/Microblading+%26+Maquillaje+-+Hazziel+Rios/data=!4m7!3m6!1s0x85cfc7d4812f8daf:0x9b5387004e3c8b7e!8m2!3d19.0255931!4d-98.2219395!16s%2Fg%2F11h4_9tf59!19sChIJr40vgdTHz4URfos8TgCHU5s
Puebla,New Fashion,221 594 7984,,"4,7",1042,,https://www.google.com/maps/place/New+Fashion/data=!4m7!3m6!1s0x85cfc72c54ac32d5:0xb50bb793bae61ed!8m2!3d19.0223419!4d-98.2136314!16s%2Fg%2F1ts3fz10!19sChIJ1TKsVCzHz4UR7WGuO3m7UAs
Puebla,La Cosmetiquería,221 224 1831,,"4,6",49,,https://www.google.com/maps/place/La+Cosmetiquer%C3%ADa/data=!4m7!3m6!1s0x85cfc1cae0f17dc3:0x58ca1fe104f62190!8m2!3d19.0429743!4d-98.1997611!16s%2Fg%2F11qwy55tmk!19sChIJw33x4MrBz4URkCH2BOEfylg
Puebla,BISSÚ BOUTIQUE CENTRO SUR,222 271 6124,,"4,3",199,,https://www.google.com/maps/place/BISS%C3%9A+BOUTIQUE+CENTRO+SUR/data=!4m7!3m6!1s0x85cfb896bc250e5d:0x5a324d5f77a08aec!8m2!3d18.9871926!4d-98.2474695!16s%2Fg%2F11hcj0d8zb!19sChIJXQ4lvJa4z4UR7Iqgd19NMlo
Puebla,BE YOU TIFUL DISTRIBUIDORA,222 407 1414,,"4,8",32,,https://www.google.com/maps/place/BE+YOU+TIFUL+DISTRIBUIDORA/data=!4m7!3m6!1s0x85cfbf601841952f:0xe34cbacef36ce499!8m2!3d19.0054276!4d-98.1981518!16s%2Fg%2F11smkmyyp1!19sChIJL5VBGGC_z4URmeRs8866TOM
Puebla,Perfumería El Regalo,222 232 5971,,"4,5",20,,https://www.google.com/maps/place/Perfumer%C3%ADa+El+Regalo/data=!4m7!3m6!1s0x85cfc1bf77a5fc21:0x484e1101721caed9!8m2!3d19.0467736!4d-98.1990596!16s%2Fg%2F11bbrj70gf!19sChIJIfyld7_Bz4UR2a4ccgERTkg
Puebla,AMORES OFICIAL,222 485 7389,,"4,3",94,,https://www.google.com/maps/place/AMORES+OFICIAL/data=!4m7!3m6!1s0x85cfc1e9b6ad2e93:0x622c1f7aa102c569!8m2!3d19.0469058!4d-98.2015778!16s%2Fg%2F11mr2d93yk!19sChIJky6ttunBz4URacUCoXofLGI
Puebla,Bellísima,222 425 6902,,"4,2",134,,https://www.google.com/maps/place/Bell%C3%ADsima/data=!4m7!3m6!1s0x85cfc6cbb89477d3:0xa8570bba84f57161!8m2!3d19.0715862!4d-98.2250575!16s%2Fg%2F11g6pw7clr!19sChIJ03eUuMvGz4URYXH1hLoLV6g
Puebla,Bellísima Parque Puebla,222 118 5548,,"4,0",46,,https://www.google.com/maps/place/Bell%C3%ADsima+Parque+Puebla/data=!4m7!3m6!1s0x85cfc1a681754fb9:0x3561b1c627c5bfa2!8m2!3d19.0694449!4d-98.1725259!16s%2Fg%2F11gcf8cz5x!19sChIJuU91gabBz4URor_FJ8axYTU
Puebla,"La Cosmetiqueria Puebla, Las Ánimas",,,"5,0",23,,"https://www.google.com/maps/place/La+Cosmetiqueria+Puebla,+Las+%C3%81nimas/data=!4m7!3m6!1s0x85cfc7d7280070f7:0xdd97568db3ba0d16!8m2!3d19.0445947!4d-98.2337844!16s%2Fg%2F11ytqv7hrm!19sChIJ93AAKNfHz4URFg26s41Wl90"
Puebla,Luva Gama cosméticos & accesorios,,,"4,6",102,,https://www.google.com/maps/place/Luva+Gama+cosm%C3%A9ticos+%26+accesorios/data=!4m7!3m6!1s0x85cfc14304e10c2b:0x8922685778518311!8m2!3d19.0501097!4d-98.194038!16s%2Fg%2F11fmrdygw8!19sChIJKwzhBEPBz4UREYNReFdoIok
Puebla,Cosméticos Los Angeles Suc 2 norte,222 851 3439,,"4,1",57,,https://www.google.com/maps/place/Cosm%C3%A9ticos+Los+Angeles+Suc+2+norte/data=!4m7!3m6!1s0x85cfc1dc7fb224f9:0xb1a8a91df88c005c!8m2!3d19.0480427!4d-98.1945311!16s%2Fg%2F11js25mf1_!19sChIJ-SSyf9zBz4URXACM-B2pqLE
Puebla,Distribuidora LUVA,222 231 4864,,"4,0",112,,https://www.google.com/maps/place/Distribuidora+LUVA/data=!4m7!3m6!1s0x85cfc6eb8db6819d:0x824cf67e3873f4da!8m2!3d19.0597349!4d-98.2261491!16s%2Fg%2F1tfpk4h0!19sChIJnYG2jevGz4UR2vRzOH72TII
Puebla,Distribuidora LUVA ( LMX22 ),222 242 4950,,"4,4",111,,https://www.google.com/maps/place/Distribuidora+LUVA+%28+LMX22+%29/data=!4m7!3m6!1s0x85cfc0e402613a7b:0x23cfc818fa134ed3!8m2!3d19.047119!4d-98.1936698!16s%2Fg%2F1td5xhhb!19sChIJezphAuTAz4UR004T-hjIzyM
Puebla,La Cosmetiqueria Querétaro,442 556 1926,,"4,5",51,,https://www.google.com/maps/place/La+Cosmetiqueria+Quer%C3%A9taro/data=!4m7!3m6!1s0x85d35be50005fa6d:0x947ade11425dca5e!8m2!3d20.6153198!4d-100.3908094!16s%2Fg%2F11fhw8rvpb!19sChIJbfoFAOVb04URXspdQhHeepQ
Puebla,Sally México Vía San Angel,221 106 0196,,"4,2",191,,https://www.google.com/maps/place/Sally+M%C3%A9xico+V%C3%ADa+San+Angel/data=!4m7!3m6!1s0x85cfc74748503077:0xbff0ae69580a2ae1!8m2!3d19.0266671!4d-98.2369877!16s%2Fg%2F1q62fnmx9!19sChIJdzBQSEfHz4UR4SoKWGmu8L8
Puebla,SOS BONITA II,,,"4,1",85,,https://www.google.com/maps/place/SOS+BONITA+II/data=!4m7!3m6!1s0x85cfc149c606b035:0xfca489930675c3fa!8m2!3d19.051785!4d-98.2031948!16s%2Fg%2F11pdz3q9nd!19sChIJNbAGxknBz4UR-sN1BpOJpPw
Tijuana,Mayoreo DYM,664 669 0010,,"4,6",266,,https://www.google.com/maps/place/Mayoreo+DYM/data=!4m7!3m6!1s0x80d93908f2a8e02d:0xce07107af53f0beb!8m2!3d32.5130209!4d-116.8952577!16s%2Fg%2F11j6gdqy2w!19sChIJLeCo8gg52YAR6ws_9XoQB84
Tijuana,Mayoreo RG,,,"4,6",168,,https://www.google.com/maps/place/Mayoreo+RG/data=!4m7!3m6!1s0x80d93f4b120c1bef:0xc35dc45986048e11!8m2!3d32.5012286!4d-116.8542252!16s%2Fg%2F11qqw_27hy!19sChIJ7xsMEks_2YAREY4EhlnEXcM
Tijuana,Mayoreo Angy,664 202 4737,,"4,7",147,,https://www.google.com/maps/place/Mayoreo+Angy/data=!4m7!3m6!1s0x80d93ec045ee279b:0x1da0f2e950f8942!8m2!3d32.4700237!4d-116.8693759!16s%2Fg%2F11pttllzwy!19sChIJmyfuRcA-2YARQokPlS4P2gE
Tijuana,DAX,664 901 0569,,"4,4",3450,,https://www.google.com/maps/place/DAX/data=!4m7!3m6!1s0x80d93f6eb5f5cc2f:0x3ca9faa6fd403cbb!8m2!3d32.51331!4d-116.8710894!16s%2Fg%2F11fnt3jbwf!19sChIJL8z1tW4_2YARuzxA_ab6qTw
Tijuana,Lexy Cosmetics Las Fuentes,,,"4,7",160,,https://www.google.com/maps/place/Lexy+Cosmetics+Las+Fuentes/data=!4m7!3m6!1s0x80d93f539ae50ad3:0xfac9522cadacdab9!8m2!3d32.4662048!4d-116.8627057!16s%2Fg%2F11hf3ycm2b!19sChIJ0wrlmlM_2YARudqsrSxSyfo
Tijuana,Yves Rocher México - CASA Tijuana,664 634 3818,,"4,7",174,,https://www.google.com/maps/place/Yves+Rocher+M%C3%A9xico+-+CASA+Tijuana/data=!4m7!3m6!1s0x80d9483f7d0d490f:0xc90fcf549a4c96a9!8m2!3d32.5190266!4d-117.012305!16s%2Fg%2F11b6_gg2sn!19sChIJD0kNfT9I2YARqZZMmlTPD8k
Tijuana,"Sun Moon Perfume, Inc.",+1 619-427-5448,,"4,4",1674,,"https://www.google.com/maps/place/Sun+Moon+Perfume,+Inc./data=!4m7!3m6!1s0x80d94c2ba3cdbed3:0xff96d17c78340c7!8m2!3d32.60413!4d-117.0838573!16s%2Fg%2F1txnprjk!19sChIJ077NoytM2YARx0CDxxdt-Q8"
Tijuana,Bettynice Perfumes,,,"4,6",21,,https://www.google.com/maps/place/Bettynice+Perfumes/data=!4m7!3m6!1s0x80d949007767ab2d:0x1ee356b3c7d2101a!8m2!3d32.5292157!4d-117.0203024!16s%2Fg%2F11wblml1my!19sChIJLatndwBJ2YARGhDSx7NW4x4
Tijuana,Todo belleza,664 357 9249,,"4,9",40,,https://www.google.com/maps/place/Todo+belleza/data=!4m7!3m6!1s0x80d937b45e35616d:0x2d1d62d9a8540bf2!8m2!3d32.4894342!4d-117.0136629!16s%2Fg%2F11t58rlw0z!19sChIJbWE1XrQ32YAR8gtUqNliHS0
Tijuana,Grupo 4B Sucursal 5 y 10,664 103 6999,,"4,7",376,,https://www.google.com/maps/place/Grupo+4B+Sucursal+5+y+10/data=!4m7!3m6!1s0x80d9381275d4a42d:0xf679ac94c877f9be!8m2!3d32.4974158!4d-116.9663096!16s%2Fg%2F11b70nlz4h!19sChIJLaTUdRI42YARvvl3yJSsefY
Tijuana,DAX Centro,664 688 5000,,"4,4",1111,,https://www.google.com/maps/place/DAX+Centro/data=!4m7!3m6!1s0x80d94906f02ad9cb:0x42ba272ea44f69f7!8m2!3d32.5343722!4d-117.040213!16s%2Fg%2F1tjytx55!19sChIJy9kq8AZJ2YAR92lPpC4nukI
Tijuana,Dax La Pajarita,664 975 1700,,"4,4",595,,https://www.google.com/maps/place/Dax+La+Pajarita/data=!4m7!3m6!1s0x80d936fc30da6ef5:0xe171c7afaf9b479a!8m2!3d32.4444623!4d-117.0359765!16s%2Fg%2F11bxf8l70_!19sChIJ9W7aMPw22YARmkebr6_HceE
Tijuana,Bella’s Beauty Supply,664 974 9394,,"4,0",27,,https://www.google.com/maps/place/Bella%E2%80%99s+Beauty+Supply/data=!4m7!3m6!1s0x80d93f50e5ca54cf:0xeece85410946cd9c!8m2!3d32.4922824!4d-116.8514255!16s%2Fg%2F11rmpys2jq!19sChIJz1TK5VA_2YARnM1GCUGFzu4
Tijuana,Centro De Mayoreo Tijuana,61236818,,"4,4",41,,https://www.google.com/maps/place/Centro+De+Mayoreo+Tijuana/data=!4m7!3m6!1s0x80d9498c5d7713a1:0xee62c726f343a543!8m2!3d32.5333068!4d-117.0436672!16s%2Fg%2F11s61tm9jn!19sChIJoRN3XYxJ2YARQ6VD8ybHYu4
Tijuana,Mayoreo Karen,664 115 8702,,"4,4",27,,https://www.google.com/maps/place/Mayoreo+Karen/data=!4m7!3m6!1s0x80d937ebd981f56d:0x18bf5561eb9866b7!8m2!3d32.4925656!4d-117.0316868!16s%2Fg%2F11tcr83k3g!19sChIJbfWB2es32YARt2aY62FVvxg
Tijuana,Chop Shop Salon de Belleza,664 980 0910,,"4,1",366,,https://www.google.com/maps/place/Chop+Shop+Salon+de+Belleza/data=!4m7!3m6!1s0x80d949c68efe6439:0x3a2e2260bfaf81c4!8m2!3d32.5172679!4d-117.022267!16s%2Fg%2F11jml18c6w!19sChIJOWT-jsZJ2YARxIGvv2AiLjo
Tijuana,De La Cacho Beauty Express,664 208 5327,,"4,8",52,,https://www.google.com/maps/place/De+La+Cacho+Beauty+Express/data=!4m7!3m6!1s0x80d9484c7b92f75b:0x7716b2b546cf669e!8m2!3d32.5206818!4d-117.0287245!16s%2Fg%2F11h9yrwbw7!19sChIJW_eSe0xI2YARnmbPRrWyFnc
Tijuana,CECC,664 638 5911,,"4,9",29,,https://www.google.com/maps/place/CECC/data=!4m7!3m6!1s0x80d949af03ca3581:0xd6aa7fd09815c354!8m2!3d32.5257904!4d-117.0415591!16s%2Fg%2F1tdnfjxv!19sChIJgTXKA69J2YARVMMVmNB_qtY
León,Yves Rocher México - CASA León,477 713 6335,,"4,6",380,,https://www.google.com/maps/place/Yves+Rocher+M%C3%A9xico+-+CASA+Le%C3%B3n/data=!4m7!3m6!1s0x842bbfa628633649:0x93a912da1bd2b42!8m2!3d21.1135623!4d-101.6728408!16s%2Fg%2F1q6489xss!19sChIJSTZjKKa_K4QRQiu9oS2ROgk
León,Red Rochel,477 713 2849,,"4,1",36,,https://www.google.com/maps/place/Red+Rochel/data=!4m7!3m6!1s0x842bbf0cb6dd5493:0x6f807539d8fbcdfe!8m2!3d21.1236839!4d-101.6835527!16s%2Fg%2F11bbrlpd63!19sChIJk1Tdtgy_K4QR_s372Dl1gG8
León,Glamour Cosmetic (cosmeticos y mas...),,,"4,7",22,,https://www.google.com/maps/place/Glamour+Cosmetic+%28cosmeticos+y+mas...%29/data=!4m7!3m6!1s0x842bbdcd428aea59:0x90aa440580584586!8m2!3d21.1151627!4d-101.6027684!16s%2Fg%2F11h7pz8h8t!19sChIJWeqKQs29K4QRhkVYgAVEqpA
León,Aromas Y Jabones,477 777 1283,,"4,6",98,,https://www.google.com/maps/place/Aromas+Y+Jabones/data=!4m7!3m6!1s0x842bbf7f81192b8b:0xdbc20a3bbf63d63f!8m2!3d21.1149391!4d-101.7044418!16s%2Fg%2F1td6b5ww!19sChIJiysZgX-_K4QRP9ZjvzsKwts
León,Natura AraHdez,477 290 4162,,"5,0",25,,https://www.google.com/maps/place/Natura+AraHdez/data=!4m7!3m6!1s0x842bbfd26e77491f:0x4e8c0df273d428aa!8m2!3d21.1511296!4d-101.6947097!16s%2Fg%2F11s1bf2zcd!19sChIJH0l3btK_K4QRqijUc_INjE4
León,Bettyliches,477 656 3387,,"4,4",389,,https://www.google.com/maps/place/Bettyliches/data=!4m7!3m6!1s0x842bbf2087c8ac11:0xc47f2511cbc0bafe!8m2!3d21.1295035!4d-101.7040725!16s%2Fg%2F11kyl4c535!19sChIJEazIhyC_K4QR_rrAyxElf8Q
León,Kim Camacho Studio (Maquillaje Profesional / Alto Peinado / Pestañas / Ceja HD / Depilación),477 597 3413,,"4,9",36,,https://www.google.com/maps/place/Kim+Camacho+Studio+%28Maquillaje+Profesional+%2F+Alto+Peinado+%2F+Pesta%C3%B1as+%2F+Ceja+HD+%2F+Depilaci%C3%B3n%29/data=!4m7!3m6!1s0x842bbf271c568753:0x2dd43963de4f1218!8m2!3d21.1568147!4d-101.6543359!16s%2Fg%2F11nwb4ykyy!19sChIJU4dWHCe_K4QRGBJP3mM51C0
León,Chulas Cosmeticos,477 636 3745,,"4,0",301,,https://www.google.com/maps/place/Chulas+Cosmeticos/data=!4m7!3m6!1s0x842bbf74ecc34a43:0x721d424de60967b!8m2!3d21.1208424!4d-101.6860115!16s%2Fg%2F1q6kk4xgg!19sChIJQ0rD7HS_K4QRe5Zg3iTUIQc
León,Sally Galerías León,477 555 8090,,"4,4",484,,https://www.google.com/maps/place/Sally+Galer%C3%ADas+Le%C3%B3n/data=!4m7!3m6!1s0x842bbed5efffffff:0xd7785863d416c270!8m2!3d21.1470924!4d-101.6478145!16s%2Fg%2F1tf6s3gv!19sChIJ____79W-K4QRcMIW1GNYeNc
León,KaiZen belleza y novedades,477 113 1318,,"4,5",25,,https://www.google.com/maps/place/KaiZen+belleza+y+novedades/data=!4m7!3m6!1s0x842bc145b12899d1:0xe29ee9278812544b!8m2!3d21.131444!4d-101.7057885!16s%2Fg%2F11q46qc2h_!19sChIJ0ZkosUXBK4QRS1QSiCfpnuI
León,Art-Bell Belleza Bajío - Sucursal Vibar,477 676 2409,,"4,7",80,,https://www.google.com/maps/place/Art-Bell+Belleza+Baj%C3%ADo+-+Sucursal+Vibar/data=!4m7!3m6!1s0x842bc1fbc65ffefb:0xa4095aa826504988!8m2!3d21.127697!4d-101.7144645!16s%2Fg%2F11b5pk78kq!19sChIJ-_5fxvvBK4QRiElQJqhaCaQ
León,Plaza de la Mujer,,,"4,3",412,,https://www.google.com/maps/place/Plaza+de+la+Mujer/data=!4m7!3m6!1s0x842bbf0b7c327999:0x5a47b3a481ead0c0!8m2!3d21.124034!4d-101.6801526!16s%2Fg%2F1pzrfjsyf!19sChIJmXkyfAu_K4QRwNDqgaSzR1o
Querétaro,Zermat Internacional,14422506661,,"4,7",26,,https://www.google.com/maps/place/Zermat+Internacional/data=!4m7!3m6!1s0x85d344d3920c2001:0x22510fd1988a5261!8m2!3d20.5956079!4d-100.4029396!16s%2Fg%2F11fzv16c71!19sChIJASAMktNE04URYVKKmNEPUSI
Querétaro,La Cosmetiqueria Américas Querétaro,446 104 5044,,"4,2",24,,https://www.google.com/maps/place/La+Cosmetiqueria+Am%C3%A9ricas+Quer%C3%A9taro/data=!4m7!3m6!1s0x85d34568b0f20bdf:0x65729b0d23cca0d2!8m2!3d20.5885772!4d-100.3749076!16s%2Fg%2F11qg45l8q2!19sChIJ3wvysGhF04UR0qDMIw2bcmU
Querétaro,Droguería Cosmopolita Querétaro sucursal Centro Sur,442 673 7771,,"4,6",74,,https://www.google.com/maps/place/Droguer%C3%ADa+Cosmopolita+Quer%C3%A9taro+sucursal+Centro+Sur/data=!4m7!3m6!1s0x85d34573f363e739:0x30dc6c580e3d218d!8m2!3d20.561755!4d-100.3718579!16s%2Fg%2F11kb9mgt01!19sChIJOedj83NF04URjSE9Dlhs3DA
Querétaro,Sears Galerías Querétaro,442 211 0009,,"4,3",6555,,https://www.google.com/maps/place/Sears+Galer%C3%ADas+Quer%C3%A9taro/data=!4m7!3m6!1s0x85d3452fc9fbf4fb:0x5b5a00ae44d1d0ec!8m2!3d20.577445!4d-100.406444!16s%2Fg%2F1th5_4fm!19sChIJ-_T7yS9F04UR7NDRRK4AWls
Querétaro,Special Salón & Spa Jardines,442 182 0877,,"4,3",134,,https://www.google.com/maps/place/Special+Sal%C3%B3n+%26+Spa+Jardines/data=!4m7!3m6!1s0x85d345406da8c99d:0x286342928f9232a4!8m2!3d20.5680253!4d-100.4117719!16s%2Fg%2F11g6p6854r!19sChIJncmobUBF04URpDKSj5JCYyg
Querétaro,Centro K Amo Mi Cabello Querétaro,442 865 6099,,"4,8",406,,https://www.google.com/maps/place/Centro+K+Amo+Mi+Cabello+Quer%C3%A9taro/data=!4m7!3m6!1s0x85d345aa8f021767:0xa5d201cadba5b318!8m2!3d20.5895616!4d-100.3615462!16s%2Fg%2F11lkh7w9bx!19sChIJZxcCj6pF04URGLOl28oB0qU
Querétaro,Distribuidora de Belleza Platino,442 274 2138,,"4,3",125,,https://www.google.com/maps/place/Distribuidora+de+Belleza+Platino/data=!4m7!3m6!1s0x85d35ad44132f157:0x1dbe307443801b22!8m2!3d20.5929598!4d-100.3986102!16s%2Fg%2F11clltfpgt!19sChIJV_EyQdRa04URIhuAQ3Qwvh0
Querétaro,JEKI - Professional Nails & Beauty Services,442 739 7054,,"4,2",134,,https://www.google.com/maps/place/JEKI+-+Professional+Nails+%26+Beauty+Services/data=!4m7!3m6!1s0x85d34590dc530843:0x15cdc3892b559b5e!8m2!3d20.5696493!4d-100.41248!16s%2Fg%2F11pdhh_fpb!19sChIJQwhT3JBF04URXptVK4nDzRU
Querétaro,Blooming Nails & Tea Room,442 205 6335,,"4,5",34,,https://www.google.com/maps/place/Blooming+Nails+%26+Tea+Room/data=!4m7!3m6!1s0x85d345a2bae48c1f:0xf7dc42e32dff78!8m2!3d20.5673521!4d-100.4131347!16s%2Fg%2F11frnnyr06!19sChIJH4zkuqJF04UReP8t40Lc9wA
Querétaro,Xocho cosmetics,442 833 9648,,"4,5",147,,https://www.google.com/maps/place/Xocho+cosmetics/data=!4m7!3m6!1s0x85d34537ee3d37c9:0x7b80803e4fdc5aa2!8m2!3d20.5800573!4d-100.3866683!16s%2Fg%2F11mqws4qnq!19sChIJyTc97jdF04URolrcTz6AgHs
Querétaro,Estética Rosy,442 215 0764,,"4,8",31,,https://www.google.com/maps/place/Est%C3%A9tica+Rosy/data=!4m7!3m6!1s0x85d3455d8ef48fad:0x3618a83a60cf4209!8m2!3d20.5697725!4d-100.4155677!16s%2Fg%2F11h6lqx71d!19sChIJrY_0jl1F04URCULPYDqoGDY
Querétaro,Makeda Beauty Salon,446 415 6485,,"4,2",77,,https://www.google.com/maps/place/Makeda+Beauty+Salon/data=!4m7!3m6!1s0x85d345166ea7b11f:0xbf4df3089a4f36fb!8m2!3d20.5602422!4d-100.3980388!16s%2Fg%2F11jr4jv4bj!19sChIJH7GnbhZF04UR-zZPmgjzTb8
Querétaro,"ML Beauty Trend | Tienda de Maquillaje, cosméticos y Skincare",442 857 4223,,"4,9",83,,"https://www.google.com/maps/place/ML+Beauty+Trend+%7C+Tienda+de+Maquillaje,+cosm%C3%A9ticos+y+Skincare/data=!4m7!3m6!1s0x85d344d4be8988eb:0x3692c1c984e5fc6d!8m2!3d20.5883119!4d-100.3903345!16s%2Fg%2F11hd9z57lr!19sChIJ64iJvtRE04URbfzlhMnBkjY"
Querétaro,Qro Nails,442 294 8026,,"4,8",376,,https://www.google.com/maps/place/Qro+Nails/data=!4m7!3m6!1s0x85d3452c5892501d:0x756f01dbfebf544b!8m2!3d20.5832521!4d-100.4098493!16s%2Fg%2F1vlzbqdn!19sChIJHVCSWCxF04URS1S__tsBb3U
Querétaro,Distribuidora Alhóndiga Américas,442 196 3760,,"4,2",99,,https://www.google.com/maps/place/Distribuidora+Alh%C3%B3ndiga+Am%C3%A9ricas/data=!4m7!3m6!1s0x85d344cafb3c1e4b:0xb5b695fc2104cc18!8m2!3d20.587791!4d-100.374481!16s%2Fg%2F11f3r_z5j5!19sChIJSx48-8pE04URGMwEIfyVtrU
Querétaro,Farmacia Dermatológica Cuiderma Jacal,442 193 3161,,"4,9",264,,https://www.google.com/maps/place/Farmacia+Dermatol%C3%B3gica+Cuiderma+Jacal/data=!4m7!3m6!1s0x85d3450497c4e931:0xb8dfb61ed6c9472b!8m2!3d20.567502!4d-100.413217!16s%2Fg%2F11j983_r5x!19sChIJMenElwRF04URK0fJ1h6237g
Querétaro,Karla Tapia Makeup & Beauty Studio,,,"4,4",47,,https://www.google.com/maps/place/Karla+Tapia+Makeup+%26+Beauty+Studio/data=!4m7!3m6!1s0x85d3452ec76aaf59:0x1342b53d49a8d6f0!8m2!3d20.569435!4d-100.411423!16s%2Fg%2F11jlqd9j1s!19sChIJWa9qxy5F04UR8NaoST21QhM
Querétaro,CM Innovando La Belleza Galerías Querétaro,771 422 1623,,"4,9",176,,https://www.google.com/maps/place/CM+Innovando+La+Belleza+Galer%C3%ADas+Quer%C3%A9taro/data=!4m7!3m6!1s0x85d3455bff41550f:0xd48c3cb07b7ed35b!8m2!3d20.5777166!4d-100.4053083!16s%2Fg%2F11t61qn66z!19sChIJD1VB_1tF04URW9N-e7A8jNQ
Querétaro,Distribuidora/Academia de Insumos para Uñas y Pestañas ️,446 123 8782,,"4,9",70,,https://www.google.com/maps/place/Distribuidora%2FAcademia+de+Insumos+para+U%C3%B1as+y+Pesta%C3%B1as+%EF%B8%8F/data=!4m7!3m6!1s0x85d345c0ed750cab:0xc4976a774d60aa7b!8m2!3d20.5426018!4d-100.3995094!16s%2Fg%2F11rj_tkyhn!19sChIJqwx17cBF04URe6pgTXdql8Q
Querétaro,RAHELI STUDIO QUERETARO-STAFF DE MAQUILLADORES (maquillaje y peinado),442 311 9019,,"4,6",261,,https://www.google.com/maps/place/RAHELI+STUDIO+QUERETARO-STAFF+DE+MAQUILLADORES+%28maquillaje+y+peinado%29/data=!4m7!3m6!1s0x85d3453983b6f553:0xa66aed1ab28ed007!8m2!3d20.5733296!4d-100.4121622!16s%2Fg%2F11gh0dprnc!19sChIJU_W2gzlF04URB9COshrtaqY
Querétaro,Venezza Cosméticos,442 463 1042,,"4,6",28,,https://www.google.com/maps/place/Venezza+Cosm%C3%A9ticos/data=!4m7!3m6!1s0x85d3452dd35f039b:0x39655ffaa583890c!8m2!3d20.5830084!4d-100.4030554!16s%2Fg%2F11gdmcdj32!19sChIJmwNf0y1F04URDImDpfpfZTk
Querétaro,PetirrojoAzul · MercadoAmable,442 499 0458,,"4,4",317,,https://www.google.com/maps/place/PetirrojoAzul+%C2%B7+MercadoAmable/data=!4m7!3m6!1s0x85d3453eed550249:0x3ed18ae9949079e3!8m2!3d20.568135!4d-100.4130783!16s%2Fg%2F11hd9nbhsn!19sChIJSQJV7T5F04UR43mQlOmK0T4
Mérida,Corazón de Cacao - Montecristo,999 593 3068,,"4,8",36,,https://www.google.com/maps/place/Coraz%C3%B3n+de+Cacao+-+Montecristo/data=!4m7!3m6!1s0x8f56741d711b5091:0x632131f9d5c27fce!8m2!3d21.0103332!4d-89.5978767!16s%2Fg%2F11fkw8h_l8!19sChIJkVAbcR10Vo8Rzn_C1fkxIWM
Mérida,Yves Rocher México - CASA Mérida,999 923 2743,,"4,6",349,,https://www.google.com/maps/place/Yves+Rocher+M%C3%A9xico+-+CASA+M%C3%A9rida/data=!4m7!3m6!1s0x8f56718c25fafd7f:0x81e7a5caa3565b50!8m2!3d20.9693737!4d-89.6213039!16s%2Fg%2F1ptznfvxf!19sChIJf_36JYxxVo8RUFtWo8ql54E
Mérida,Distribuidora Farah,999 292 1430,,"4,1",37,,https://www.google.com/maps/place/Distribuidora+Farah/data=!4m7!3m6!1s0x8f567162bfb56725:0xdd4a0db1adaae6b1!8m2!3d20.9648702!4d-89.6218767!16s%2Fg%2F1tdng9p7!19sChIJJWe1v2JxVo8RseaqrbENSt0
Mérida,Aromae,999 263 8892,,"4,9",33,,https://www.google.com/maps/place/Aromae/data=!4m7!3m6!1s0x8f5677911653d90f:0x7e53d6936e6013bc!8m2!3d21.0129487!4d-89.5917262!16s%2Fg%2F11sbxhng7b!19sChIJD9lTFpF3Vo8RvBNgbpPWU34
Mérida,NARANJA DULCE BOUTIQUE COSMETICS,999 637 2523,,"4,5",23,,https://www.google.com/maps/place/NARANJA+DULCE+BOUTIQUE+COSMETICS/data=!4m7!3m6!1s0x8f56731b2963d803:0xb1ba2a6f0809ff53!8m2!3d20.9935193!4d-89.6524403!16s%2Fg%2F11qpn31ntl!19sChIJA9hjKRtzVo8RU_8JCG8qurE
Mérida,ZERMAT INTERNACIONAL DISTRIBUIDOR AUTORIZADO,999 496 1719,,"4,6",51,,https://www.google.com/maps/place/ZERMAT+INTERNACIONAL+DISTRIBUIDOR+AUTORIZADO/data=!4m7!3m6!1s0x8f56716ef78403d5:0x1d0b457e79f776ff!8m2!3d20.9654029!4d-89.612834!16s%2Fg%2F1tdl75hv!19sChIJ1QOE925xVo8R_3b3eX5FCx0
Mérida,Bissú Boutique,999 688 7838,,"4,1",270,,https://www.google.com/maps/place/Biss%C3%BA+Boutique/data=!4m7!3m6!1s0x8f56716326e0bb41:0x53ae41e7d7498af5!8m2!3d20.9631916!4d-89.6226481!16s%2Fg%2F11c0pww2fm!19sChIJQbvgJmNxVo8R9YpJ1-dBrlM
Mérida,Fragranzhub,999 743 6824,,"5,0",196,,https://www.google.com/maps/place/Fragranzhub/data=!4m7!3m6!1s0x8f566d0d2a0a17f3:0xf74232bc210b0a19!8m2!3d20.8649746!4d-89.6514882!16s%2Fg%2F11l5gsvf3p!19sChIJ8xcKKg1tVo8RGQoLIbwyQvc
Mérida,Elha Beauty Dorada,999 238 7800,,"4,6",43,,https://www.google.com/maps/place/Elha+Beauty+Dorada/data=!4m7!3m6!1s0x8f56738002da8c19:0x94316c0900d64cf1!8m2!3d20.9939776!4d-89.6522357!16s%2Fg%2F11g0gp0jjt!19sChIJGYzaAoBzVo8R8UzWAAlsMZQ
Mérida,Pato Mercante,999 218 1132,,"4,9",144,,https://www.google.com/maps/place/Pato+Mercante/data=!4m7!3m6!1s0x8f56713a756e0de9:0x46ff76125e16a76e!8m2!3d20.9613091!4d-89.6072201!16s%2Fg%2F11fncj75dk!19sChIJ6Q1udTpxVo8RbqcWXhJ2_0Y
Mérida,"Luna Hernández | Makeup, Skincare & Más",999 315 8959,,"4,6",29,,"https://www.google.com/maps/place/Luna+Hern%C3%A1ndez+%7C+Makeup,+Skincare+%26+M%C3%A1s/data=!4m7!3m6!1s0x8f5675ac86363915:0x74f64950dfc86a55!8m2!3d21.0185625!4d-89.6513216!16s%2Fg%2F11p3l0584w!19sChIJFTk2hqx1Vo8RVWrI31BJ9nQ"
Mérida,Probell Montealbán,999 948 0976,,"4,2",104,,https://www.google.com/maps/place/Probell+Montealb%C3%A1n/data=!4m7!3m6!1s0x8f5676c292f68e17:0xf0d10e510d1881a6!8m2!3d21.0203542!4d-89.5985849!16s%2Fg%2F1pv2tx5g7!19sChIJF472ksJ2Vo8RpoEYDVEO0fA
Mérida,Bellafem,999 948 9629,,"4,5",37,,https://www.google.com/maps/place/Bellafem/data=!4m7!3m6!1s0x8f56777e76e8888b:0x219ca2d64ac88915!8m2!3d21.0058999!4d-89.60984!16s%2Fg%2F11ghrd8nq6!19sChIJi4jodn53Vo8RFYnIStainCE
Mérida,Labonté Mérida | BarreiroDistribuidor,999 781 3682,,"5,0",28,,https://www.google.com/maps/place/Labont%C3%A9+M%C3%A9rida+%7C+BarreiroDistribuidor/data=!4m7!3m6!1s0x8f5677abc22ffa41:0xd80f3da91f328093!8m2!3d21.0043998!4d-89.5751052!16s%2Fg%2F11w7nsv0p9!19sChIJQfovwqt3Vo8Rk4AyH6k9D9g
Mérida,MAREESTUDIO.MX,81 4806 9697,,"5,0",27,,https://www.google.com/maps/place/MAREESTUDIO.MX/data=!4m7!3m6!1s0x8f5677b6a18ff0a3:0xb3a77b469ee40eb3!8m2!3d20.980871!4d-89.568448!16s%2Fg%2F11wpp889vf!19sChIJo_CPobZ3Vo8Rsw7knkZ7p7M
Mérida,"INBELL (Belleza Profesional Alemán) kuul, Nekane",999 926 6717,,"4,4",40,,"https://www.google.com/maps/place/INBELL+%28Belleza+Profesional+Alem%C3%A1n%29+kuul,+Nekane/data=!4m7!3m6!1s0x8f56713619f66ded:0x874512619dcfa297!8m2!3d20.9906546!4d-89.6056892!16s%2Fg%2F1q4km9chf!19sChIJ7W32GTZxVo8Rl6LPnWESRYc"
Mérida,La Cosmetiqueria MÉRIDA,999 725 9558,,"5,0",21,,https://www.google.com/maps/place/La+Cosmetiqueria+M%C3%89RIDA/data=!4m7!3m6!1s0x8f56716e7830dd29:0xbf72faaf2e7128e3!8m2!3d20.9674173!4d-89.6204453!16s%2Fg%2F11v3yw_fhs!19sChIJKd0weG5xVo8R4yhxLq_6cr8
Mérida,Uñisimas Mérida,999 435 0450,,"4,9",37,,https://www.google.com/maps/place/U%C3%B1isimas+M%C3%A9rida/data=!4m7!3m6!1s0x8f56711aa16188d3:0xd34c2f1b2880f5c1!8m2!3d20.9369498!4d-89.624823!16s%2Fg%2F11px1_0shm!19sChIJ04hhoRpxVo8RwfWAKBsvTNM
Mérida,Sally Altabrisa Mérida,999 612 2332,,"4,2",81,,https://www.google.com/maps/place/Sally+Altabrisa+M%C3%A9rida/data=!4m7!3m6!1s0x8f56772146ffffff:0xb41952a7e293e059!8m2!3d21.0170906!4d-89.5837557!16s%2Fg%2F11f5dxrzkb!19sChIJ____RiF3Vo8RWeCT4qdSGbQ
Mérida,NOVEDADES DALIA,999 139 2715,,"4,9",22,,https://www.google.com/maps/place/NOVEDADES+DALIA/data=!4m7!3m6!1s0x8f56719a216bf147:0xb03338695b514c19!8m2!3d20.9400261!4d-89.6113185!16s%2Fg%2F1ptw8ymb8!19sChIJR_FrIZpxVo8RGUxRW2k4M7A
Mérida,Sears Altabrisa,999 930 0150,,"4,4",5687,,https://www.google.com/maps/place/Sears+Altabrisa/data=!4m7!3m6!1s0x8f5676d76a80f337:0xd0474ad8293f681d!8m2!3d21.0167827!4d-89.5834503!16s%2Fg%2F1tdn54rw!19sChIJN_OAatd2Vo8RHWg_KdhKR9A
Mérida,Miniso Centro Mérida,,,"4,5",2157,,https://www.google.com/maps/place/Miniso+Centro+M%C3%A9rida/data=!4m7!3m6!1s0x8f56717864e8cfd1:0x28b4ec0d3fd351e5!8m2!3d20.9654481!4d-89.6219163!16s%2Fg%2F11f77yps1r!19sChIJ0c_oZHhxVo8R5VHTPw3stCg
San,Fraiche Perfumando A México,,,"4,2",40,,https://www.google.com/maps/place/Fraiche+Perfumando+A+M%C3%A9xico/data=!4m7!3m6!1s0x842aa1f8a2363d55:0x53e41b0a83157c59!8m2!3d22.1532476!4d-100.973796!16s%2Fg%2F11s16rbwmc!19sChIJVT02ovihKoQRWXwVgwob5FM
San,L&M Cosmeticos,444 800 3729,,"4,6",43,,https://www.google.com/maps/place/L%26M+Cosmeticos/data=!4m7!3m6!1s0x842a9f5df056ebef:0x51ec4c4c28eb63ca!8m2!3d22.1967582!4d-101.0039214!16s%2Fg%2F11mjy79qd3!19sChIJ7-tW8F2fKoQRymPrKExM7FE
San,Bellísima Plaza San Luis,444 439 4602,,"4,7",21,,https://www.google.com/maps/place/Bell%C3%ADsima+Plaza+San+Luis/data=!4m7!3m6!1s0x842a992194cb1d6d:0x43e07c2cddcfb45a!8m2!3d22.1273462!4d-101.0307358!16s%2Fg%2F11c2jb8j90!19sChIJbR3LlCGZKoQRWrTP3Sx84EM
San,OLé Hair & Beauty SLP,,,"4,7",74,,https://www.google.com/maps/place/OL%C3%A9+Hair+%26+Beauty+SLP/data=!4m7!3m6!1s0x842a9f4ef42250d7:0xa237f7c42680d396!8m2!3d22.1705829!4d-101.0030683!16s%2Fg%2F11j_7gj1wx!19sChIJ11Ai9E6fKoQRltOAJsT3N6I
San,Distribuidora DN,444 688 5855,,"4,4",88,,https://www.google.com/maps/place/Distribuidora+DN/data=!4m7!3m6!1s0x842aa245e963bc47:0x16fc392f7450a4a3!8m2!3d22.124297!4d-100.9480525!16s%2Fg%2F11fzv_yq7v!19sChIJR7xj6UWiKoQRo6RQdC85_BY
San,SALOON21,444 339 3811,,"4,2",212,,https://www.google.com/maps/place/SALOON21/data=!4m7!3m6!1s0x842a98b8469fb8b7:0xb54b0728b28758a4!8m2!3d22.1374362!4d-101.0009262!16s%2Fg%2F11c1m_0wt3!19sChIJt7ifRriYKoQRpFiHsigHS7U
San,uapa cosmeticos,444 292 1432,,"4,1",21,,https://www.google.com/maps/place/uapa+cosmeticos/data=!4m7!3m6!1s0x842a99d6a5b2f049:0xe269120c6b54cb62!8m2!3d22.1467796!4d-101.0135586!16s%2Fg%2F11j0vf_tnr!19sChIJSfCypdaZKoQRYstUawwSaeI
San,Monserrat Montoya Maquillista con Aerógrafo,444 238 1117,,"4,9",181,,https://www.google.com/maps/place/Monserrat+Montoya+Maquillista+con+Aer%C3%B3grafo/data=!4m7!3m6!1s0x842a9932cc85a835:0x1820c2b5efd78a67!8m2!3d22.1472546!4d-100.9991713!16s%2Fg%2F11qw_6c423!19sChIJNaiFzDKZKoQRZ4rX77XCIBg
San,Alexan,444 833 2266,,"4,0",100,,https://www.google.com/maps/place/Alexan/data=!4m7!3m6!1s0x842a9f9d41e80203:0x558678cb351206eb!8m2!3d22.1552062!4d-101.0035209!16s%2Fg%2F11g6vf_nll!19sChIJAwLoQZ2fKoQR6wYSNct4hlU
San,Alfredo Escobar Salon,444 811 7896,,"4,7",118,,https://www.google.com/maps/place/Alfredo+Escobar+Salon/data=!4m7!3m6!1s0x842a98b1b01aaa77:0xe7e724a93b2704bc!8m2!3d22.1546569!4d-101.0022924!16s%2Fg%2F11b8_0v8yt!19sChIJd6oasLGYKoQRvAQnO6kk5-c
San,EL CUBANO MAYOREO,444 816 0548,,"4,4",60,,https://www.google.com/maps/place/EL+CUBANO+MAYOREO/data=!4m7!3m6!1s0x842aa202537665fb:0x508a444e9fea0bb9!8m2!3d22.150134!4d-100.9727166!16s%2Fg%2F11cs6kj18m!19sChIJ-2V2UwKiKoQRuQvqn05EilA
San,"MIHOUSE MARKET ROMA - Hogar, Regalos e Importaciones",,,"4,9",87,,"https://www.google.com/maps/place/MIHOUSE+MARKET+ROMA+-+Hogar,+Regalos+e+Importaciones/data=!4m7!3m6!1s0x842aa30019123025:0x5c883709d915fe6e!8m2!3d22.1393965!4d-100.9347073!16s%2Fg%2F11y41llyd3!19sChIJJTASGQCjKoQRbv4V2Qk3iFw"
Cancún,Siempre Bella Cosmetics Cancún,998 399 5592,,"4,4",79,,https://www.google.com/maps/place/Siempre+Bella+Cosmetics+Canc%C3%BAn/data=!4m7!3m6!1s0x8f4c2d23e3c9e269:0x2e797a5d1d80440!8m2!3d21.1538242!4d-86.8429427!16s%2Fg%2F11fp8vs2fw!19sChIJaeLJ4yMtTI8RQATY0aWX5wI
Cancún,Boutique Cartier Cancún,998 272 5467,,"4,7",90,,https://www.google.com/maps/place/Boutique+Cartier+Canc%C3%BAn/data=!4m7!3m6!1s0x8f4c285c13497d79:0x1392f26df0f111bf!8m2!3d21.1088021!4d-86.7640697!16s%2Fg%2F1tfjxbkh!19sChIJeX1JE1woTI8RvxHx8G3ykhM
Cancún,Luxury Avenue Mall Cancún,998 147 3137,,"4,5",1155,,https://www.google.com/maps/place/Luxury+Avenue+Mall+Canc%C3%BAn/data=!4m7!3m6!1s0x8f4c285cf577e367:0x65b8a238c438bd66!8m2!3d21.1010255!4d-86.7662732!16s%2Fg%2F1tfqr_j4!19sChIJZ-N39VwoTI8RZr04xDiiuGU
Cancún,Lacoste Outlet Cancún,56 2562 6102,,"4,7",343,,https://www.google.com/maps/place/Lacoste+Outlet+Canc%C3%BAn/data=!4m7!3m6!1s0x8f4c2b8eed7ffea1:0xb304a62d0401ba01!8m2!3d21.1519633!4d-86.8487506!16s%2Fg%2F11b6x_wrbp!19sChIJof5_7Y4rTI8RAboBBC2mBLM
Cancún,La Boutique Palacio Cancún,998 193 1490,,"4,5",1088,,https://www.google.com/maps/place/La+Boutique+Palacio+Canc%C3%BAn/data=!4m7!3m6!1s0x8f4c285fadf0bab3:0xfe2190a6c0c941a!8m2!3d21.1080366!4d-86.7636182!16s%2Fg%2F1tdk5m8k!19sChIJs7rwrV8oTI8RGpQMbAoZ4g8
Cancún,Panda Novedades y Mayoreo,,,"4,8",135,,https://www.google.com/maps/place/Panda+Novedades+y+Mayoreo/data=!4m7!3m6!1s0x8f4c2d27d6301d65:0x89d9a28d8171c362!8m2!3d21.1747664!4d-86.8746685!16s%2Fg%2F11swrv0_ct!19sChIJZR0w1ictTI8RYsNxgY2i2Yk
Cancún,El Arca De Noé,998 884 6444,,"4,2",559,,https://www.google.com/maps/place/El+Arca+De+No%C3%A9/data=!4m7!3m6!1s0x8f4c2c06ca7ad613:0x9bf01fb5971eca43!8m2!3d21.1639361!4d-86.8272485!16s%2Fg%2F11b6xr6f5r!19sChIJE9Z6ygYsTI8RQ8oel7Uf8Js
Cancún,Liverpool,998 881 1500,,"4,5",9045,,https://www.google.com/maps/place/Liverpool/data=!4m7!3m6!1s0x8f4c2bfd34a3b123:0x7fd73833e92d283!8m2!3d21.1455515!4d-86.8219043!16s%2Fg%2F1tdmfyrp!19sChIJI7GjNP0rTI8Rg9KSPoNz_Qc
Cancún,MC NAILS,998 252 3149,,"4,6",203,,https://www.google.com/maps/place/MC+NAILS/data=!4m7!3m6!1s0x8f4c2c0cb26a0ae3:0x7a5dc3e25d841198!8m2!3d21.1664801!4d-86.8419634!16s%2Fg%2F11b70d09qh!19sChIJ4wpqsgwsTI8RmBGEXeLDXXo
Cancún,Academia de Belleza Beauty Store By Clia,998 346 0388,,"4,9",23,,https://www.google.com/maps/place/Academia+de+Belleza+Beauty+Store+By+Clia/data=!4m7!3m6!1s0x8f4c2b98f3c60785:0x61c96d5b178ef245!8m2!3d21.1243266!4d-86.8550341!16s%2Fg%2F11l6l8cfp9!19sChIJhQfG85grTI8RRfKOF1ttyWE
Cancún,Pink28,998 119 3401,,"4,6",34,,https://www.google.com/maps/place/Pink28/data=!4m7!3m6!1s0x8f4c2d943cf169af:0x1b87ee653234537d!8m2!3d21.1631056!4d-86.8561671!16s%2Fg%2F11shk2lv1_!19sChIJr2nxPJQtTI8RfVM0MmXuhxs
Cancún,Sephora Puerto Cancún,998 313 3195,,"4,4",1317,,https://www.google.com/maps/place/Sephora+Puerto+Canc%C3%BAn/data=!4m7!3m6!1s0x8f4c2fe3857da7f3:0x27160131ceec89fe!8m2!3d21.1611341!4d-86.8089922!16s%2Fg%2F11h0d2y1bq!19sChIJ86d9heMvTI8R_onszjEBFic
Cancún,BeautyGab,998 885 6281,,"4,6",29,,https://www.google.com/maps/place/BeautyGab/data=!4m7!3m6!1s0x8f4c2b12a51fed3d:0x62038781457839e5!8m2!3d21.1138974!4d-86.8504876!16s%2Fg%2F11jcjw009r!19sChIJPe0fpRIrTI8R5Tl4RYGHA2I
